activity_name,activity_id,activity_type,distance,time,elevation_gain,kudos,start_date,average_speed,max_speed,average_cadence,average_hr,max_hr,suffer_score
Panshanger PR (18:12 - 2nd),1807281354,Run,5000.0,1092,0.0,1,2018-08-25T08:00:00Z,4.579,0.0,0.0,0.0,0.0,0.0
Evening Run - Panshanger ,1817344422,Run,4903.3,1127,58.0,5,2018-09-03T19:14:06Z,4.339,7.0,0.0,169.9,178.0,55.0
Hatfield 5k Series - race 1 (17:55 - 32nd),1821995859,Run,5000.0,1075,0.0,10,2018-09-05T18:45:13Z,4.651,0.0,0.0,0.0,0.0,0.0
Panshanger PR (18:21 - 2nd),1826965116,Run,5000.0,1101,0.0,6,2018-09-08T08:00:56Z,4.541,0.0,0.0,0.0,0.0,0.0
Evening Run - Welwyn,1830984968,Run,8093.0,1998,97.0,6,2018-09-09T18:49:18Z,4.038,6.1,0.0,167.9,190.0,85.0
Evening Run - Welwyn,1832956022,Run,4859.7,1137,73.4,6,2018-09-10T19:30:45Z,4.301,6.0,0.0,0.0,0.0,0.0
Panshanger PR (18:12 - 3rd),1842987085,Run,5000.0,1092,0.0,6,2018-09-15T08:00:00Z,4.579,0.0,0.0,0.0,0.0,0.0
Morning Run - Welwyn,1847294196,Run,10000.0,2550,0.0,5,2018-09-17T08:24:27Z,3.922,0.0,0.0,0.0,0.0,0.0
Hatfield 5k Series - race 2 (18:16 - 35th),1853006370,Run,5000.0,1096,0.0,9,2018-09-19T18:45:00Z,4.562,0.0,0.0,0.0,0.0,0.0
Afternoon Run - Panshanger,1854532368,Run,10120.9,2803,126.2,7,2018-09-20T15:38:34Z,3.967,5.6,0.0,0.0,0.0,0.0
Panshanger PR (18:19 - 2nd),1857902033,Run,5000.0,1099,0.0,7,2018-09-22T08:00:00Z,4.55,0.0,0.0,0.0,0.0,0.0
Morning Run - Welwyn ,1862331364,Run,10000.0,2622,0.0,6,2018-09-24T08:20:47Z,3.814,0.0,0.0,0.0,0.0,0.0
Afternoon Run - Panshanger ,1867104614,Run,4933.7,1123,52.7,6,2018-09-26T15:46:25Z,4.393,6.2,0.0,0.0,0.0,0.0
Panshanger PR (18:05 - 1st),1872555370,Run,5000.0,1085,0.0,12,2018-09-29T08:00:00Z,4.6080000000000005,0.0,0.0,0.0,0.0,0.0
Evening Run - Welwyn,1876028417,Run,16048.5,4191,205.2,10,2018-09-30T15:43:01Z,3.833,7.6,0.0,0.0,0.0,0.0
Afternoon Run - Panshanger ,1877798851,Run,10007.1,2520,126.5,10,2018-10-01T16:04:00Z,3.971,5.8,0.0,0.0,0.0,0.0
Hatfield 5k Series - race 3 (17:54 - 28th),1882361101,Run,5000.0,1074,0.0,10,2018-10-03T18:45:00Z,4.655,0.0,0.0,0.0,0.0,0.0
Ellenbrook PR (17:58 - 3rd),1887241249,Run,5000.0,1078,0.0,9,2018-10-06T08:00:00Z,4.638,0.0,0.0,0.0,0.0,0.0
Morning Run - Welwyn ,1891574278,Run,9951.6,2514,130.9,8,2018-10-08T08:26:18Z,3.968,8.2,0.0,0.0,0.0,0.0
Evening Run - Welwyn ,1896871823,Run,7706.0,1933,87.2,7,2018-10-10T19:11:33Z,3.987,5.6,0.0,0.0,0.0,0.0
Ellenbrook PR (18:12 - 1st),1901741659,Run,5000.0,1092,0.0,8,2018-10-13T08:00:00Z,4.579,0.0,0.0,0.0,0.0,0.0
Herts 10k (38:37 - 12th),1904482788,Run,10000.0,2317,0.0,9,2018-10-14T09:00:00Z,4.316,0.0,0.0,0.0,0.0,0.0
Afternoon Run - Panshanger,1910670406,Run,5017.2,1139,53.3,9,2018-10-17T16:15:01Z,4.436,6.0,0.0,0.0,0.0,0.0
Morning Run - Welwyn ,1915631994,Run,9951.3,2413,121.3,12,2018-10-20T08:10:50Z,4.134,6.2,0.0,0.0,0.0,0.0
Morning Run - Panshanger ,1920356845,Run,10009.4,2481,70.6,7,2018-10-22T09:15:22Z,4.034,5.5,0.0,0.0,0.0,0.0
Ellenbrook PR (17:55 - 3rd),1929767235,Run,5000.0,1075,0.0,10,2018-10-27T08:00:10Z,4.651,0.0,0.0,0.0,0.0,0.0
"Herts XC League - Cheshunt, race 1 (30:02 - 48th)",1932824805,Run,8046.7,1802,0.0,10,2018-10-28T11:00:00Z,4.465,0.0,0.0,0.0,0.0,0.0
Ellenbrook PR (17:52 - 4th),1942935742,Run,5000.0,1072,0.0,13,2018-11-03T09:00:00Z,4.664,0.0,0.0,0.0,0.0,0.0
"Royal Parks 10k Winter Series - Greenwich Park, race 1 (40:52 - 6th)",1945373292,Run,10000.0,2452,0.0,13,2018-11-04T09:30:27Z,4.078,0.0,0.0,0.0,0.0,0.0
Afternoon Run - Panshanger ,1947565210,Run,15685.2,4013,103.3,10,2018-11-05T14:23:50Z,3.909,5.5,0.0,0.0,0.0,0.0
Ellenbrook PR (17:48 - 5th),1956322981,Run,5000.0,1068,0.0,12,2018-11-10T09:00:00Z,4.682,0.0,0.0,0.0,0.0,0.0
Long Run with Pete,1958284547,Run,20039.4,5688,231.8,6,2018-11-11T09:46:32Z,3.579,10.5,0.0,0.0,0.0,0.0
Morning Run - Hatfield ,1969249469,Run,4916.4,1118,12.4,9,2018-11-17T10:09:03Z,4.397,6.0,0.0,155.4,160.0,32.0
Herts Half Marathon - (1:25:13 - 23rd),1971573913,Run,21100.0,5113,0.0,11,2018-11-18T09:30:00Z,4.127,0.0,0.0,0.0,0.0,0.0
Afternoon Run - Hatfield ,1980625275,Run,9867.9,2506,24.7,9,2018-11-23T15:19:04Z,3.938,5.4,0.0,166.3,190.0,99.0
Hatfield 5 - (29:25 - 27th),1984320686,Run,8000.0,1765,0.0,14,2018-11-25T10:00:00Z,4.533,0.0,0.0,0.0,0.0,0.0
Morning Run - Panshanger,1985636421,Run,9734.3,2555,75.3,9,2018-11-26T09:33:38Z,3.858,6.6,0.0,172.7,208.0,126.0
Ellenbrook PR (18:10 - 4th),1994128219,Run,5000.0,1090,0.0,9,2018-12-01T09:00:00Z,4.587,0.0,0.0,0.0,0.0,0.0
"Herts XC League - Trent Park, race 2 (31:05 - 44th)",1996389369,Run,8000.0,1865,0.0,12,2018-12-02T10:30:00Z,4.29,0.0,0.0,0.0,0.0,0.0
Morning Run - Panshanger ,2001078643,Run,4847.7,1222,29.3,13,2018-12-05T07:58:03Z,4.05,5.5,0.0,172.8,202.0,49.0
Ellenbrook PR (18:13 - 3rd),2006263877,Run,5000.0,1093,0.0,10,2018-12-08T09:00:00Z,4.575,0.0,0.0,0.0,0.0,0.0
"Royal Parks 10k Winter Series - Regent’s Park, race 2 (38:29 - 16th)",2008814980,Run,10000.0,2309,0.0,13,2018-12-09T09:00:56Z,4.331,0.0,0.0,0.0,0.0,0.0
Ellenbrook PR (17:50 - 3rd),2018009843,Run,5000.0,1070,0.0,14,2018-12-15T09:00:00Z,4.673,0.0,0.0,0.0,0.0,0.0
"Herts XC League - Stevenage, race 3 (30:13 - 50th)",2020910026,Run,8000.0,1813,0.0,6,2018-12-16T10:30:00Z,4.413,0.0,0.0,0.0,0.0,0.0
3k time trial - GCR Intervals ,2027065200,Run,3000.0,617,0.0,6,2018-12-20T19:00:00Z,4.862,0.0,0.0,0.0,0.0,0.0
Evening Run - Welwyn ,2028511938,Run,9249.0,2524,106.8,9,2018-12-21T19:42:22Z,3.664,5.8,0.0,175.2,205.0,125.0
Panshanger PR (18:13 - 8th),2034563513,Run,5000.0,1093,0.0,11,2018-12-25T09:00:00Z,4.575,0.0,0.0,0.0,0.0,0.0
Intervals - Hilly 650’s,2035993054,Run,6801.0,1844,137.1,9,2018-12-26T09:52:29Z,3.696,6.8,88.4,166.8,184.0,71.0
Evening Run - Welwyn ,2038868398,Run,9133.7,2454,105.4,12,2018-12-27T18:42:29Z,3.722,5.3,85.6,158.8,174.0,79.0
Ellenbrook PR (17:45 - 4th),2041484077,Run,4931.0,1066,10.5,14,2018-12-29T09:02:26Z,4.626,5.7,88.6,174.7,189.0,60.0
Yasso 800’s ,2045210201,Run,6396.9,1892,56.0,13,2018-12-30T20:14:55Z,3.403,6.1,81.5,157.9,183.0,57.0
Evening Run - Welwyn ,2051319403,Run,14013.7,3896,150.4,10,2019-01-02T19:42:09Z,3.597,6.0,84.2,151.5,172.0,94.0
Yasso 800’s ,2053392135,Run,8263.0,2105,62.0,9,2019-01-03T18:54:00Z,3.925,6.0,86.8,153.8,178.0,56.0
Ellenbrook PR - (17:50 - 1st),2056545343,Run,4953.6,1074,10.4,13,2019-01-05T09:02:34Z,4.612,6.7,89.3,171.0,184.0,56.0
Long Run with Pete ,2059084656,Run,17186.2,5290,136.2,13,2019-01-06T09:06:48Z,3.269,4.2,83.4,146.4,169.0,94.0
Intervals - Hilly 650’s,2065105318,Run,7745.1,2002,135.7,10,2019-01-08T20:03:30Z,3.869,6.1,86.1,164.4,182.0,81.0
Evening Run - Welwyn,2067316718,Run,14011.4,3881,150.2,13,2019-01-09T18:42:05Z,3.614,5.6,85.5,152.1,175.0,96.0
Yasso 800’s ,2069646811,Run,7996.7,2074,62.5,8,2019-01-10T19:57:50Z,3.861,5.9,87.9,158.3,181.0,64.0
Ellenbrook PR (17:59 - 3rd),2072553836,Run,4934.2,1080,10.5,12,2019-01-12T09:04:54Z,4.569,6.2,88.9,175.6,187.0,64.0
"Herts XC League - Watford, race 4 (38:14 - 35th)",2075332277,Run,9633.4,2363,168.8,19,2019-01-13T10:31:39Z,4.077,5.9,86.5,177.1,193.0,144.0
Intervals - Hilly 650’s,2081062871,Run,7873.9,2019,135.2,11,2019-01-15T19:22:55Z,3.91,6.0,87.8,163.0,185.0,78.0
Evening Run - Welwyn ,2083529066,Run,13013.7,3683,125.0,13,2019-01-16T20:05:08Z,3.533,4.7,86.4,148.8,178.0,77.0
Yasso 800’s,2085495854,Run,9037.6,2336,69.4,13,2019-01-17T19:17:38Z,3.894,5.8,89.6,159.2,172.0,74.0
Fred Hughes 10 - (1:02:43 - 39th),2091075105,Run,16124.0,3765,162.9,22,2019-01-20T10:00:01Z,4.283,5.8,88.3,176.1,183.0,235.0
(Snowy) Yasso 800’s,2096712118,Run,8935.5,2377,66.4,12,2019-01-22T19:37:12Z,3.764,5.7,88.8,166.1,190.0,101.0
Evening Run - Welwyn ,2098842528,Run,14012.7,3865,109.2,11,2019-01-23T19:08:01Z,3.626,4.9,86.8,148.8,166.0,86.0
Track,2100772666,Run,5826.6,1317,0.0,10,2019-01-24T18:56:11Z,4.424,6.2,90.9,168.8,186.0,62.0
Evening Run - Welwyn ,2100968638,Run,8015.0,2200,84.1,8,2019-01-24T20:05:16Z,3.643,5.3,86.7,156.1,169.0,66.0
Ellenbrook PR (18:19 - 5th),2103793596,Run,4954.1,1101,10.6,11,2019-01-26T09:02:50Z,4.5,5.4,89.9,175.9,188.0,66.0
Afternoon Run - Welwyn ,2104756352,Run,16023.4,4310,208.4,10,2019-01-26T15:02:34Z,3.722,5.7,86.5,162.8,179.0,160.0
Yasso 800’s,2109702664,Run,10005.3,2646,83.8,11,2019-01-28T19:55:34Z,3.845,7.8,88.9,160.0,175.0,87.0
Evening Run - Welwyn ,2113016252,Run,5852.4,1568,67.4,5,2019-01-29T18:51:26Z,3.838,5.2,86.7,154.7,177.0,43.0
Treadmill ,2124527513,Run,8000.0,1965,0.0,9,2019-02-04T21:00:00Z,4.0710000000000015,0.0,0.0,0.0,0.0,0.0
Treadmill ,2126745486,Run,9000.0,2340,0.0,8,2019-02-05T20:34:57Z,3.846,0.0,0.0,0.0,0.0,0.0
Treadmill ,2131109737,Run,13679.5,3600,0.0,6,2019-02-07T20:35:41Z,3.8,0.0,0.0,0.0,0.0,0.0
Treadmill ,2132961358,Run,16093.5,4290,0.0,8,2019-02-08T20:16:57Z,3.751,0.0,0.0,0.0,0.0,0.0
Evening Run - Welwyn,2139774036,Run,9006.9,2536,75.1,16,2019-02-11T20:10:58Z,3.557,6.9,85.5,146.4,173.0,47.0
Yasso 800’s,2141978725,Run,9156.1,2323,75.4,15,2019-02-12T19:54:01Z,3.941,5.6,87.9,162.8,175.0,88.0
Afternoon Run - Welwyn ,2148824554,Run,22015.2,5974,228.9,14,2019-02-14T15:02:24Z,3.685,5.1,84.9,156.8,178.0,180.0
"Royal Parks 10k Winter Series - Hyde Park, race 3 (37:43 - 9th)",2154903754,Run,10177.5,2309,51.4,9,2019-02-17T09:31:30Z,4.408,5.8,88.6,170.2,184.0,113.0
Afternoon Run - Welwyn,2160342266,Run,25010.7,6831,282.3,13,2019-02-19T13:48:36Z,3.678,6.2,84.9,155.9,177.0,195.0
Yasso 800’s,2165593023,Run,10091.2,2592,83.7,13,2019-02-21T19:15:05Z,3.899,6.6,87.3,163.6,181.0,99.0
Morning Run - Welwyn ,2174004750,Run,18013.1,4781,206.3,15,2019-02-25T08:22:52Z,3.786,7.1,86.2,157.3,176.0,145.0
Yasso 800’s,2182456758,Run,10070.1,2531,84.7,14,2019-02-28T20:17:58Z,3.988,7.0,87.4,170.1,188.0,124.0
Morning Run - Panshanger ,2192270620,Run,10002.4,2550,56.4,18,2019-03-05T09:34:33Z,3.923,4.9,86.1,167.2,176.0,112.0
Afternoon Run - Panshanger ,2201720122,Run,20011.8,5403,103.3,15,2019-03-09T14:04:03Z,3.704,5.6,85.0,165.1,183.0,225.0
Afternoon Run - Welwyn,2206497708,Run,18006.1,4714,205.6,12,2019-03-11T15:42:10Z,3.82,6.3,86.1,157.8,189.0,139.0
Afternoon Run - Panshanger ,2210819544,Run,12006.7,3168,74.8,10,2019-03-13T14:46:10Z,3.917,5.9,86.0,162.3,172.0,110.0
Afternoon Run - Welwyn,2215144029,Run,14004.7,3865,162.7,14,2019-03-15T15:34:40Z,3.623,6.1,84.3,158.3,180.0,125.0
Morning Run - Hertford ,2219169712,Run,32009.8,9162,23.7,13,2019-03-17T08:23:22Z,3.494,5.8,83.9,150.4,170.0,199.0
Afternoon Run - Welwyn,2227172514,Run,14009.3,3813,162.5,11,2019-03-20T15:01:22Z,3.764,5.8,84.1,161.9,176.0,137.0
London Landmarks Half Marathon,2236525096,Run,20964.2,5266,98.2,28,2019-03-24T09:30:07Z,3.981,12.5,85.7,175.9,188.0,313.0
Treadmill (easy),2248034095,Run,10000.0,2940,0.0,3,2019-03-28T20:56:14Z,3.401,0.0,0.0,0.0,0.0,0.0
Treadmill (easy),2252382209,Run,15000.0,4350,0.0,10,2019-03-30T15:15:02Z,3.448,0.0,0.0,0.0,0.0,0.0
Treadmill (easy),2262946903,Run,8000.0,2400,0.0,8,2019-04-03T19:00:40Z,3.333,0.0,0.0,0.0,0.0,0.0
Afternoon Run (test),2266943099,Run,801.2,283,13.4,7,2019-04-05T15:41:46Z,2.861,5.5,82.7,132.2,144.0,1.0
Manchester Marathon (3:21:36 - 1906th),2271688574,Run,42416.6,12096,102.5,35,2019-04-07T08:03:26Z,3.507,4.7,83.5,169.6,204.0,554.0
Afternoon Run - Panshanger ,2286702950,Run,7006.7,1896,51.1,12,2019-04-13T13:36:54Z,3.696,5.5,83.5,158.1,184.0,60.0
Treadmill ,2295098332,Run,10000.0,2700,0.0,12,2019-04-16T19:23:38Z,3.704,0.0,0.0,0.0,0.0,0.0
Evening Run - Welwyn ,2339321059,Run,8007.2,2250,87.7,12,2019-05-03T19:13:04Z,3.568,5.3,82.9,157.8,181.0,70.0
Lunch Run - Welwyn ,2346118247,Run,10005.5,3161,116.7,14,2019-05-06T10:12:48Z,3.695,5.9,84.6,159.3,175.0,88.0
Evening Run - Panshanger,2352290179,Run,8035.5,2726,65.1,9,2019-05-08T17:57:43Z,2.975,4.6,0.0,0.0,0.0,0.0
Lunch Run - Welwyn ,2355889365,Run,10008.0,2701,123.7,12,2019-05-10T10:07:00Z,3.705,5.7,84.2,163.9,178.0,108.0
Night Run - Welwyn ,2404936403,Run,8009.1,2411,96.7,11,2019-05-28T20:19:20Z,3.322,4.8,81.0,153.7,179.0,64.0
Yasso 800’s,2410135380,Run,5965.6,1512,50.1,11,2019-05-30T19:55:14Z,3.946,6.6,84.4,168.0,190.0,67.0
Evening Run - Welwyn ,2412534300,Run,10011.0,2768,127.6,12,2019-05-31T19:16:52Z,3.621,6.4,82.2,163.8,176.0,108.0
Afternoon Run - Welwyn ,2417394320,Run,10012.4,2720,83.5,15,2019-06-02T12:16:02Z,3.681,5.9,81.4,181.5,196.0,178.0
Intervals - Hilly 650’s,2423668488,Run,6647.0,1698,115.3,7,2019-06-04T18:35:29Z,3.915,6.7,84.0,173.2,191.0,93.0
Evening Run - Welwyn ,2426588529,Run,12005.7,3445,124.2,11,2019-06-05T18:48:27Z,3.485,6.2,81.7,152.8,169.0,86.0
Yasso 800’s,2429188828,Run,7105.8,1785,58.5,8,2019-06-06T18:58:33Z,3.981,6.2,83.7,171.8,186.0,94.0
Lunch Run - Welwyn ,2435850487,Run,14008.9,3928,157.3,13,2019-06-09T10:12:47Z,3.5660000000000003,6.4,82.3,159.5,186.0,133.0
Evening Run - Welwyn ,2439928705,Run,8009.4,2326,91.7,13,2019-06-10T18:49:48Z,3.443,5.5,81.8,149.2,168.0,51.0
"Herts MWL - Royston, race 2 (39:50 - 89th)",2447734267,Run,10080.1,2469,83.7,29,2019-06-13T18:48:04Z,4.083,6.4,85.1,177.5,187.0,145.0
Afternoon Run - Welwyn ,2455658821,Run,10009.2,2747,115.7,14,2019-06-16T16:39:34Z,3.644,5.7,83.1,164.5,178.0,109.0
Evening Run - Welwyn ,2458386146,Run,10016.2,2758,125.6,12,2019-06-17T18:40:45Z,3.632,5.6,82.6,160.0,178.0,91.0
"Herts MWL - Chingford, race 3 (38:36 - 81st) ",2466656675,Run,9625.6,2359,136.3,22,2019-06-20T18:44:19Z,4.08,8.4,84.2,178.9,190.0,149.0
Afternoon Run - Welwyn ,2474148341,Run,9009.8,2596,106.7,11,2019-06-23T13:24:31Z,3.471,5.3,81.0,165.1,179.0,106.0
Evening Run - Panshanger ,2477476969,Run,5001.2,1309,33.9,8,2019-06-24T18:57:36Z,3.821,5.4,82.0,157.5,176.0,39.0
Yasso 800’s,2480188898,Run,7062.1,1792,58.2,7,2019-06-25T18:58:57Z,3.954,5.9,83.0,168.5,185.0,83.0
Afternoon Run - Welwyn ,2484914850,Run,14011.3,3959,151.8,12,2019-06-27T14:07:12Z,3.553,5.5,79.8,173.2,188.0,218.0
Ellenbrook PR (18:28 - 3rd),2488990956,Run,4931.7,1108,10.6,12,2019-06-29T08:03:14Z,4.4510000000000005,5.8,85.1,182.7,197.0,72.0
Evening Run - Welwyn ,2498913766,Run,8009.7,2262,90.6,11,2019-07-02T19:05:58Z,3.5410000000000004,5.8,80.9,156.2,172.0,66.0
"Herts MWL - Trent Park, race 4 (40:30 - 72nd)",2504627191,Run,9976.4,2431,147.4,23,2019-07-04T18:50:21Z,4.104,6.4,83.5,182.6,196.0,161.0
Evening Run - Welwyn ,2515520825,Run,7983.5,2313,90.9,13,2019-07-08T18:55:01Z,3.452,4.9,81.8,150.9,170.0,56.0
"Herts MWL - Welwyn, MOB match (40:28 - 78th)",2524106340,Run,9974.1,2426,75.7,26,2019-07-11T18:45:35Z,4.1110000000000015,6.6,83.8,181.3,191.0,159.0
Evening Run - Welwyn,2534975295,Run,10014.5,2869,103.6,7,2019-07-15T18:42:06Z,3.491,5.7,82.5,148.0,168.0,60.0
Evening Run - Panshanger ,2537990071,Run,7007.0,1865,39.8,14,2019-07-16T19:16:31Z,3.757,5.7,80.8,157.7,173.0,56.0
Evening Run - Welwyn ,2543755287,Run,10006.4,2866,113.9,10,2019-07-18T19:34:47Z,3.491,5.4,80.7,152.5,174.0,69.0
Ellenbrook PR (18:26 - 5th),2547056909,Run,4937.9,1107,10.6,18,2019-07-20T08:06:04Z,4.461,6.1,85.3,177.8,191.0,64.0
Morning Run - Welwyn ,2550046544,Run,14007.8,3968,151.7,10,2019-07-21T08:27:23Z,3.53,5.9,81.1,161.1,180.0,138.0
Evening Run - Panshanger ,2557201561,Run,5008.6,1348,7.3,6,2019-07-23T18:27:52Z,3.716,5.6,80.1,160.5,173.0,45.0
Evening Run - Welwyn ,2562951585,Run,10007.4,2911,115.6,8,2019-07-25T19:17:25Z,3.438,5.1,80.0,158.9,177.0,90.0
Ellenbrook PR (18:00 - 4th),2566399890,Run,4938.2,1082,10.6,12,2019-07-27T08:03:58Z,4.564,6.7,86.2,169.7,191.0,50.0
Lunch Run - Welwyn ,2569700805,Run,16003.5,4606,208.7,12,2019-07-28T10:11:48Z,3.474,5.5,81.1,152.2,170.0,113.0
Evening Run - Panshanger ,2573821042,Run,6009.3,1709,23.0,7,2019-07-29T19:43:48Z,3.516,5.2,79.1,149.5,163.0,39.0
Afternoon Run - Welwyn ,2581650808,Run,16007.6,4596,203.0,13,2019-08-01T14:34:12Z,3.483,5.6,80.3,162.3,177.0,168.0
Lunch Run - Welwyn ,2609535030,Run,10006.5,2867,118.0,9,2019-08-11T11:03:29Z,3.49,4.7,80.3,145.4,161.0,51.0
Evening Run - Welwyn ,2616543404,Run,12010.7,3518,131.1,11,2019-08-13T19:07:35Z,3.414,5.4,79.0,146.4,162.0,63.0
Evening Run - Welwyn,2622347438,Run,10004.9,2962,118.3,9,2019-08-15T19:41:15Z,3.378,4.6,78.5,144.3,169.0,44.0
Ellenbrook PR (18:05 - 4th),2625909390,Run,4915.9,1085,10.6,14,2019-08-17T08:03:13Z,4.5310000000000015,5.6,85.3,178.2,193.0,64.0
Long Run with Adam ,2629056983,Run,16001.4,4863,181.0,14,2019-08-18T08:41:34Z,3.29,6.7,80.6,146.3,168.0,85.0
Evening Run - Welwyn ,2636438506,Run,12008.4,3551,134.5,13,2019-08-20T18:46:21Z,3.382,5.6,80.0,148.6,172.0,73.0
Yasso 800’s,2642313608,Run,8142.4,2045,67.0,14,2019-08-22T18:52:43Z,3.987,6.6,83.2,165.1,186.0,81.0
Morning Run - Welwyn ,2649208231,Run,10007.8,2665,88.3,13,2019-08-25T08:06:16Z,3.755,6.1,80.6,163.8,180.0,101.0
"Hatfield 5k series, race 1 (17:53 - 26th)",2659907238,Run,5007.3,1074,6.2,25,2019-08-28T18:45:05Z,4.662,5.5,85.9,176.5,189.0,62.0
Evening Run - Welwyn ,2662915864,Run,10008.9,2963,122.7,11,2019-08-29T19:27:18Z,3.455,4.8,80.1,147.6,179.0,57.0
Evening Run - Welwyn ,2673933382,Run,7008.6,1932,105.7,9,2019-09-02T17:16:58Z,3.628,4.9,79.8,154.7,172.0,52.0
Evening Run - Welwyn ,2677420646,Run,12009.6,3385,126.3,12,2019-09-03T18:21:23Z,3.548,5.1,80.0,152.3,172.0,79.0
Yasso 800’s,2683113610,Run,8156.3,2070,63.0,12,2019-09-05T19:46:58Z,3.963,6.5,83.8,162.6,179.0,76.0
Ellenbrook PR (17:55 - 5th),2686450439,Run,4925.5,1075,10.6,17,2019-09-07T08:01:59Z,4.582,6.1,86.1,171.4,193.0,54.0
Afternoon Run - Welwyn ,2691579673,Run,11006.6,2999,134.1,15,2019-09-08T16:35:56Z,3.67,5.6,81.1,153.6,200.0,77.0
"Hatfield 5k series, race 2 (17:54 - 31st)",2700110809,Run,4976.0,1074,6.2,29,2019-09-11T18:45:04Z,4.633,6.8,86.3,178.6,193.0,64.0
Afternoon Run - Welwyn ,2702009241,Run,14004.5,3792,172.4,12,2019-09-12T12:21:59Z,3.693,6.1,81.1,164.7,180.0,152.0
Afternoon Run - Welwyn ,2711459846,Run,10007.7,2774,116.5,10,2019-09-15T14:54:34Z,3.608,6.1,80.7,160.6,186.0,94.0
Yasso 800’s,2714579959,Run,8152.6,2059,66.7,10,2019-09-16T18:36:05Z,3.959,6.1,83.1,157.3,175.0,60.0
Evening Run - Welwyn ,2717789138,Run,9012.7,2535,105.8,10,2019-09-17T19:34:46Z,3.555,4.8,80.4,143.9,163.0,40.0
Ellenbrook PR (18:00 - 2nd),2726742455,Run,4939.9,1080,12.9,15,2019-09-21T08:02:08Z,4.574,6.3,85.5,173.7,190.0,59.0
Afternoon Run - Welwyn ,2731231452,Run,10008.7,2785,120.3,10,2019-09-22T14:35:00Z,3.594,5.6,81.0,154.2,179.0,72.0
"Hatfield 5k series, race 3 (17:56 - 31st)",2739650274,Run,4927.0,1075,6.0,19,2019-09-25T18:45:03Z,4.583,5.7,85.4,170.9,188.0,53.0
Evening Run - Welwyn,2743199768,Run,11005.9,3228,133.5,9,2019-09-26T18:34:28Z,3.41,4.4,79.6,144.7,166.0,54.0
Evening Run - Welwyn,2744556999,Run,9007.8,2700,106.3,10,2019-09-27T18:37:05Z,3.3360000000000003,4.5,79.2,142.1,163.0,36.0
Morning Run - Welwyn ,2748520987,Run,10007.3,2756,92.2,14,2019-09-29T08:41:32Z,3.646,5.5,81.2,154.0,172.0,70.0
Evening Run - Welwyn ,2755296607,Run,10013.9,2924,119.8,10,2019-10-01T18:26:17Z,3.459,5.0,80.4,147.0,155.0,56.0
Yasso 800’s,2760518834,Run,6010.8,1518,50.0,9,2019-10-03T18:46:34Z,3.999,7.7,83.0,149.1,172.0,28.0
Afternoon Run - Welwyn ,2767975792,Run,15008.9,4956,168.0,14,2019-10-06T13:56:08Z,3.703,5.8,81.5,151.6,180.0,97.0
Night Run - Welwyn ,2778444688,Run,8009.4,2324,118.6,10,2019-10-09T20:04:59Z,3.446,5.1,79.9,143.6,165.0,34.0
Afternoon Run - Welwyn ,2786550713,Run,8013.6,2185,124.4,14,2019-10-13T16:16:48Z,3.691,5.4,80.8,151.4,168.0,51.0
Night Run - Welwyn ,2791795058,Run,8009.1,2424,126.0,12,2019-10-15T20:00:45Z,3.322,4.7,78.6,144.1,176.0,37.0
Evening Run - Welwyn ,2796737579,Run,9010.1,2704,126.1,12,2019-10-17T19:32:42Z,3.346,5.0,78.7,146.3,165.0,49.0
"Herts XC league - Cheshunt Park, race 1 (30:39 - 45th)",2802869484,Run,7956.3,1845,107.1,29,2019-10-20T10:01:23Z,4.312,7.6,83.9,173.5,192.0,99.0
Afternoon Run - Welwyn,2834713015,Run,10007.6,2900,118.4,5,2019-10-25T15:38:03Z,3.451,5.5,78.4,149.4,170.0,63.0
Panshanger PR (18:27 - 1st),2834714318,Run,4981.8,1106,32.5,24,2019-11-02T09:01:59Z,4.504,5.9,85.3,170.0,195.0,52.0
Evening Run - Welwyn,2844947889,Run,9006.8,2701,127.6,11,2019-11-05T20:34:28Z,3.335,5.1,79.0,147.3,166.0,50.0
Night Run - Welwyn ,2848681653,Run,7006.0,2098,107.5,7,2019-11-07T21:06:04Z,3.339,5.0,78.5,141.3,161.0,25.0
Panshanger PR (18:09 - 5th),2851511242,Run,4990.4,1089,33.0,16,2019-11-09T09:01:18Z,4.583,5.5,85.7,145.6,155.0,20.0
Lunch Run - Welwyn ,2854794955,Run,16009.4,4440,208.5,15,2019-11-10T11:18:09Z,3.623,5.7,80.2,156.4,180.0,126.0
Morning Run - Welwyn ,2871266969,Run,17112.3,4872,211.6,14,2019-11-17T10:54:27Z,3.512,6.2,80.5,154.0,171.0,127.0
Evening Run - Welwyn ,2879655685,Run,8010.0,2369,110.5,9,2019-11-20T20:46:54Z,3.403,4.9,78.6,144.1,169.0,36.0
Hatfield 5 (30:24 - 43rd),2887542635,Run,8054.9,1826,17.0,22,2019-11-24T10:00:46Z,4.4110000000000005,6.6,84.0,176.7,195.0,104.0
Night Run - Welwyn ,2901383662,Run,8014.9,2400,110.3,6,2019-11-28T21:10:28Z,3.34,4.6,77.8,144.0,166.0,38.0
"Herts XC league - Trent Park, race 2 (31:21 - 48th)",2903714412,Run,7691.6,1879,131.3,23,2019-12-01T10:30:41Z,4.093,6.7,83.1,175.9,194.0,108.0
Evening Run - Welwyn ,2907026370,Run,8361.4,2476,112.5,9,2019-12-02T20:21:03Z,3.393,4.6,78.6,138.7,163.0,24.0
Evening Run - Welwyn,2916423121,Run,8189.3,2407,132.2,6,2019-12-03T20:39:29Z,3.402,5.1,78.3,147.1,170.0,46.0
Panshanger PR (18:38 - 2nd),2916469944,Run,4995.1,1118,33.4,17,2019-12-07T09:04:32Z,4.468,6.3,85.2,180.6,197.0,71.0
Lunch Run - Welwyn ,2920069069,Run,16003.9,4426,208.4,14,2019-12-08T11:40:37Z,3.616,4.9,80.7,155.6,174.0,122.0
Night Run - Welwyn ,2924872773,Run,5215.9,1507,66.7,9,2019-12-10T21:05:17Z,3.4610000000000003,5.4,78.8,142.2,165.0,20.0
Evening Run - Welwyn ,2928920339,Run,5169.5,1489,66.5,11,2019-12-12T19:55:19Z,3.472,4.9,79.6,143.6,167.0,23.0
Panshanger PR (18:21 - 1st),2931498218,Run,4992.0,1101,34.0,14,2019-12-14T09:01:46Z,4.534,6.5,85.3,166.2,190.0,46.0
Panshanger PR (18:18 - 2nd),2946215645,Run,4964.4,1098,32.8,15,2019-12-21T09:04:55Z,4.521,6.5,85.5,175.4,196.0,58.0
Lunch Run - Welwyn ,2949150873,Run,17008.7,4796,210.5,14,2019-12-22T11:18:10Z,3.5460000000000003,5.8,81.0,153.4,174.0,119.0
Panshanger PR - (18:09 - 9th),2954988988,Run,4992.2,1090,32.3,18,2019-12-25T09:04:31Z,4.58,6.3,85.6,180.2,195.0,67.0
Morning Run - Welwyn ,2956884370,Run,7007.9,1930,107.6,12,2019-12-26T09:23:25Z,3.631,5.2,80.1,142.2,162.0,27.0
Panshanger PR (18:13 - 1st),2961763437,Run,4986.8,1093,33.3,19,2019-12-28T09:01:17Z,4.562,7.0,85.5,160.1,183.0,37.0
Panshanger PR (17:55 - 4th),2972222569,Run,5007.5,1075,33.4,23,2020-01-01T09:01:48Z,4.658,5.7,86.0,168.7,179.0,49.0
Morning Run - Welwyn,2983999775,Run,15007.0,4084,178.1,18,2020-01-05T10:58:08Z,3.712,5.7,81.8,157.5,172.0,121.0
Night Run - Welwyn ,2988437720,Run,8048.4,2336,110.3,10,2020-01-06T21:00:44Z,3.48,5.0,80.5,143.7,167.0,34.0
Night Run - Welwyn ,2991334300,Run,5056.9,1383,66.4,12,2020-01-07T21:02:49Z,3.656,5.8,81.2,146.0,168.0,25.0
Yasso 800’s,2996991528,Run,8277.9,2057,65.7,9,2020-01-09T20:42:56Z,4.046,6.0,82.9,163.7,180.0,80.0
"Herts XC League - Watford, race 4 (39:08 - 32nd)",3004106991,Run,9528.6,2347,175.6,24,2020-01-12T10:31:07Z,4.06,6.4,83.5,181.1,191.0,153.0
Night Run - Welwyn ,3011745332,Run,5132.8,1445,64.6,11,2020-01-14T21:01:08Z,3.584,5.8,80.4,147.3,165.0,28.0
Evening Run - Welwyn,3015296035,Run,8318.9,2324,133.6,11,2020-01-15T20:28:55Z,3.58,5.2,81.4,150.9,170.0,52.0
Intervals - Hilly 600’s,3017615097,Run,6521.4,1624,112.8,11,2020-01-16T21:02:42Z,4.016,6.2,83.7,154.8,180.0,46.0
Ellenbrook PR (17:38 - 2nd) ,3020908369,Run,4944.5,1058,12.9,16,2020-01-18T09:08:17Z,4.673,7.5,86.4,174.4,196.0,55.0
Evening Run - Welwyn ,3028890085,Run,9363.1,2533,143.2,11,2020-01-20T19:51:15Z,3.696,5.2,82.6,143.2,158.0,36.0
Yasso 800’s,3031654196,Run,8416.0,2011,65.6,14,2020-01-21T19:24:32Z,4.185,6.9,85.1,166.1,181.0,88.0
Evening Run - Welwyn ,3037443047,Run,5165.0,1415,66.4,13,2020-01-23T19:47:57Z,3.65,5.2,82.4,142.4,169.0,20.0
Ellenbrook PR (1st - 17:55),3040924780,Run,4943.3,1074,12.9,15,2020-01-25T09:03:48Z,4.603,6.0,86.3,177.2,195.0,62.0
Lunch Run - Welwyn ,3044905086,Run,10327.0,2741,124.7,11,2020-01-26T11:13:17Z,3.797,5.9,83.3,150.9,171.0,64.0
Evening Run - Welwyn ,3051948113,Run,9945.2,2919,152.0,10,2020-01-28T19:46:55Z,3.407,4.8,80.6,140.4,171.0,32.0
Yasso 800’s,3054456437,Run,8332.9,2009,65.9,12,2020-01-29T18:13:25Z,4.148,6.2,84.4,166.6,181.0,88.0
Ellenbrook PR (17:30 - 1st),3061139289,Run,4925.3,1050,12.9,15,2020-02-01T09:04:39Z,4.691,5.8,86.4,143.9,197.0,15.0
Morning Run - Welwyn ,3064951923,Run,11399.8,3051,126.1,13,2020-02-02T10:53:20Z,3.736,5.7,81.8,153.1,169.0,76.0
Evening Run - Welwyn ,3069206231,Run,9909.4,2837,101.4,11,2020-02-03T19:08:56Z,3.4930000000000003,5.1,80.6,142.2,167.0,38.0
Lunch Run - Panshanger ,3073525786,Run,5656.8,1531,16.6,11,2020-02-05T11:02:31Z,3.707,5.1,83.7,146.3,165.0,26.0
Track,3077602109,Run,6016.6,1275,0.0,6,2020-02-06T18:53:00Z,4.745,6.5,86.5,159.3,181.0,43.0
Morning Run - Welwyn ,3085366693,Run,14592.3,4129,166.2,15,2020-02-09T10:13:58Z,3.534,7.2,83.6,145.7,171.0,69.0
Evening Run - Welwyn ,3088899767,Run,9505.7,2893,144.4,12,2020-02-10T19:02:58Z,3.329,5.3,79.7,133.7,161.0,20.0
Tuesday Intervals ,3091569134,Run,13524.2,5342,63.8,18,2020-02-11T18:18:12Z,3.972,6.7,83.2,136.2,161.0,28.0
Morning Run - Welwyn ,3096151418,Run,8657.7,2466,102.8,9,2020-02-13T10:56:11Z,3.511,5.8,81.8,142.8,169.0,36.0
Ellenbrook PR (18:23 - 1st),3101510285,Run,4945.5,1103,12.9,13,2020-02-15T09:02:17Z,4.484,5.5,85.6,173.7,192.0,56.0
Morning Run - Welwyn ,3107306152,Run,11084.2,3207,121.9,8,2020-02-17T10:02:33Z,3.462,6.6,82.0,142.5,160.0,46.0
Evening Run - Welwyn ,3111848361,Run,8769.5,2921,131.5,9,2020-02-18T18:06:32Z,3.304,4.7,80.8,136.0,161.0,22.0
Track ,3117367456,Run,11187.1,3383,0.0,11,2020-02-20T18:35:22Z,3.842,6.7,84.0,151.5,185.0,65.0
PR WU,3121032425,Run,2604.2,778,2.1,1,2020-02-22T08:42:49Z,3.347,5.3,81.0,141.0,158.0,9.0
Panshanger PR (18:11 - 1st),3121033650,Run,5006.7,1238,36.2,16,2020-02-22T09:02:55Z,4.49,7.1,85.7,173.4,195.0,58.0
Morning Run - Welwyn ,3124325868,Run,9944.3,2830,118.4,10,2020-02-23T08:34:33Z,3.514,5.2,81.9,140.3,170.0,34.0
Tuesday Intervals (including WU/WD),3131802476,Run,11244.2,4038,56.2,16,2020-02-25T18:34:37Z,3.507,7.4,84.5,153.3,186.0,69.0
Evening Run - Welwyn ,3134814172,Run,9476.9,2776,144.4,14,2020-02-26T20:09:31Z,3.414,4.9,79.4,137.2,163.0,25.0
Track ,3137118618,Run,9853.8,3279,0.0,17,2020-02-27T18:32:52Z,3.59,6.5,83.3,141.8,178.0,36.0
PR WU,3140850827,Run,2672.1,842,0.0,4,2020-02-29T08:41:27Z,3.185,4.5,81.3,134.3,146.0,4.0
Panshanger PR (19:10 - 1st),3140853012,Run,5015.0,1154,39.1,17,2020-02-29T09:01:43Z,4.346,5.8,84.7,159.7,183.0,38.0
Morning Run - Welwyn ,3147112086,Run,9086.2,2646,152.8,17,2020-03-02T07:07:13Z,3.434,6.4,80.9,142.7,170.0,38.0
Tuesday Intervals ,3151516748,Run,9667.3,4695,62.2,19,2020-03-03T18:36:28Z,3.195,6.5,84.0,147.9,181.0,47.0
Track ,3157172164,Run,9678.1,3241,0.0,10,2020-03-05T18:30:15Z,3.613,6.8,81.8,147.6,182.0,50.0
Morning Run - Welwyn ,3164583613,Run,16467.0,4772,182.6,18,2020-03-08T08:14:42Z,3.451,5.6,81.0,141.6,165.0,66.0
Morning Run - Panshanger ,3168044859,Run,7162.5,2023,18.8,11,2020-03-09T10:21:32Z,3.551,4.8,80.2,141.2,155.0,25.0
Evening Run - Welwyn ,3192421487,Run,10541.8,3263,153.5,12,2020-03-17T18:44:15Z,3.236,4.7,78.5,139.4,163.0,34.0
Evening Run - Welwyn ,3195481075,Run,8576.0,2522,81.6,7,2020-03-18T18:54:29Z,3.4,4.6,79.2,141.1,163.0,30.0
